question,ground_truth,answer,bleu,rougeL,bleurt,bertscore,entailment_prob,contradiction_prob
Qual habilidade é designada pelo código EF02CO01 na BNCC computação ?,"Na BNCC Computação, o código EF02CO01 designa a habilidade relacionada à construção de modelos a partir da identificação de características essenciais dos objetos. Essa habilidade destaca a importância dos modelos para a classificação, mostrando que a escolha das características utilizadas é fundamental para definir os agrupamentos realizados.","A habilidade designada pelo código EF02CO01 na BNCC computação é ""Compreender que dados são estruturados em formatos específicos dependendo da informação armazenada"".",0.008065878212253057,0.1772151898734177,0.17109157145023346,0.9026622176170349,0.018891742452979088,0.0013025259831920266
Quais são as habilidades da BNCC computação para serem trabalhadas no quinto ano?,"As habilidades da BNCC Computação previstas para serem trabalhadas no quinto ano envolvem o desenvolvimento do pensamento computacional, da organização da informação e do uso ético das tecnologias digitais. Entre elas estão o reconhecimento de objetos do mundo real e digital que podem ser representados por matrizes organizadas por coordenadas, bem como por registros em que cada componente é identificado por um nome, realizando manipulações simples nessas representações. Também incluem a criação e a simulação de algoritmos em linguagem oral, escrita ou pictográfica, com sequências e repetições simples ou aninhadas, de forma individual ou colaborativa, para a resolução de problemas. Essas habilidades abrangem ainda a compreensão de que os dados precisam ser codificados para serem armazenados, manipulados e transmitidos por máquinas, a codificação de diferentes tipos de informação para representação no computador, como sistemas binários, ASCII e atributos de pixels, e o uso de ferramentas computacionais para a criação de conteúdos diversos, como textos, apresentações e vídeos. Além disso, envolvem o desenvolvimento de uma postura ética no processo de coleta, armazenamento, transferência e uso de dados, bem como o reconhecimento da importância de verificar a confiabilidade das informações obtidas na internet. Fonte : EF04CO01: Reconhecer objetos do mundo real e/ou digital que podem ser representados através de matrizes que estabelecem uma organização na qual cada componente está em uma posição definida por coordenadas, fazendo manipulações simples sobre estas representações. EF04CO02: Reconhecer objetos do mundo real e/ou digital que podem ser representados através de registros que estabelecem uma organização na qual cada componente é identificado por um nome, fazendo manipulações sobre estas representações. EF04CO03: Criar e simular algoritmos representados em linguagem oral, escrita ou pictográfica, que incluam sequências e repetições simples e aninhadas (iterações definidas e indefinidas), para resolver problemas de forma independente e em colaboração. EF04CO04: Entender que para guardar, manipular e transmitir dados deve-se codificá-los de alguma forma que seja compreendida pela máquina. EF04CO05: Codificar diferentes informações para representação em computador (binária, ASCII, atributos de pixel, como RGB etc.). EF04CO06: Usar diferentes ferramentas computacionais para criação de conteúdo (textos, apresentações, vídeos etc.). EF04CO0: Demonstrar postura ética nas atividades de coleta, transferência, guarda e uso de dados. EF04CO08: Reconhecer a importância de verificar a confiabilidade das fontes de informações obtidas na Internet.","Infelizmente, não há informações sobre as habilidades da BNCC de Computação para o quinto ano.",4.0757999190285606e-12,0.040632054176072234,0.31248337030410767,0.8462293148040771,0.9798270463943481,0.0009909945074468851
Quais são as habilidades da BNCC computação no 8 ano no eixo pensamento computacional?,"As habilidades da BNCC Computação para o 8º ano, no eixo de pensamento computacional, concentram-se no desenvolvimento da capacidade de resolver problemas de forma estruturada e automatizada. Elas incluem a construção de soluções utilizando a técnica de recursão e a automação dessas soluções por meio de uma linguagem de programação, bem como a criação de soluções em que o uso de listas seja adequado para organizar informações, com ou sem o emprego da recursão. Também fazem parte dessas habilidades o uso de algoritmos clássicos para manipulação de listas e a construção de soluções computacionais para problemas de diferentes áreas do conhecimento, de maneira individual e colaborativa, com a seleção adequada de estruturas de dados e técnicas, promovendo a articulação e o aprimoramento dos saberes escolares. fonte: EF08CO01: Construir soluções de problemas usando a técnica de recursão e automatizar tais soluções usando uma linguagem de programação. EF08CO02: Criar soluções de problemas para os quais seja adequado o uso de listas para descrever suas informações e automatizá-las usando uma linguagem de programação, empregando ou não a recursão como uma técnica de resolver o problema. EF08CO03: Utilizar algoritmos clássicos de manipulação sobre listas. EF08CO04: Construir soluções computacionais de problemas de diferentes áreas do conhecimento, de forma individual e colaborativa, selecionando as estruturas de dados e técnicas adequadas, aperfeiçoando e articulando saberes escolares.","A habilidade da BNCC computação no 8 ano no eixo pensamento computacional é compreender os conceitos de paralelismo, concorrência e armazenamento/ processamento distribuídos.",6.0398185817727445e-06,0.09929078014184398,0.3126952052116394,0.8472952842712402,0.0004019721527583897,0.0008229276281781495
Qual é a habilidade com código EF09CO01 da BNCC computação?,"Na BNCC Computação, o código EF09CO01 refere-se à habilidade de criar soluções para problemas em que o uso de árvores e grafos seja adequado para representar informações, automatizando essas soluções por meio de uma linguagem de programação.",Não há informação disponível sobre a habilidade EF09CO01 da BNCC computação.,0.002333913673240138,0.13793103448275862,0.15374401211738586,0.8874286413192749,0.9996649026870728,0.000106022649561055
"Qual é um exemplo para a habilidade “construir soluções de problemas usando a técnica de decomposição e automatizar tais soluções usando uma linguagem de programação."" segundo a BNCC computação?","Um exemplo dessa habilidade na BNCC Computação é decompor o problema de desenhar uma imagem em partes menores, como o desenho de formas básicas, e depois automatizar essa solução utilizando uma linguagem de programação para integrar esses elementos em um resultado final.","Um exemplo para a habilidade ""construir soluções de problemas usando a técnica de decomposição e automatizar tais soluções usando uma linguagem de programação"" segundo a BNCC computação é resolver um problema de ordenação de uma lista de números, decompondo-o em subproblemas menores e automatizando a solução usando uma linguagem de programação.",0.03310081977507441,0.35849056603773594,0.17663443088531494,0.9089478850364685,0.0008271678816527128,0.15041205286979675
Quais são as competências do ensino médio presentes na BNCC computação?,"As competências da BNCC Computação no Ensino Médio estão voltadas ao uso crítico, ético e criativo da Computação na compreensão e na resolução de problemas do mundo contemporâneo. Elas envolvem compreender as possibilidades e os limites da Computação, considerando aspectos de viabilidade e eficiência, bem como propor e analisar soluções computacionais aplicáveis a diferentes áreas do conhecimento. Também incluem a análise crítica de artefatos computacionais, com atenção às vulnerabilidades dos sistemas e à garantia da integridade, privacidade, sigilo e segurança das informações. Essas competências contemplam ainda a análise de situações atuais para a seleção de técnicas computacionais adequadas, a construção de conhecimentos por meio de tecnologias e ferramentas computacionais e a produção de conteúdos e artefatos de forma criativa, respeitando princípios éticos e legais. O desenvolvimento de projetos voltados à investigação de desafios contemporâneos, à construção de soluções e à tomada de decisões éticas, democráticas e socialmente responsáveis, preferencialmente de modo colaborativo, também é central. Além disso, espera-se que os estudantes sejam capazes de expressar e compartilhar informações, ideias, sentimentos e soluções computacionais utilizando diferentes plataformas, linguagens e tecnologias de forma crítica, reflexiva e ética, bem como agir individual e coletivamente com autonomia, responsabilidade, flexibilidade e respeito, mobilizando os conhecimentos da Computação diante de questões de diversas naturezas.",A BNCC não menciona explicitamente as competências do ensino médio presentes na área de Computação.,5.3429302603053754e-08,0.08301886792452831,0.26482221484184265,0.8660410642623901,0.9882459044456482,0.0018426617607474327
"Quais são as habilidades de desenvolver projetos para investigar desafios do mundo contemporâneo, construir soluções e tomar decisões éticas, democráticas e socialmente responsáveis na BNCC computação?","Na BNCC Computação, as habilidades relacionadas ao desenvolvimento de projetos para investigar desafios do mundo contemporâneo e tomar decisões éticas, democráticas e socialmente responsáveis incluem a capacidade de construir redes virtuais de interação e colaboração, promovendo o desenvolvimento de projetos de maneira segura, legal e ética. Também envolvem o planejamento e o gerenciamento de projetos integrados às diferentes áreas do conhecimento, realizados de forma colaborativa, com foco na resolução de problemas por meio do uso de diversos artefatos computacionais. fonte: EM13CO17: Construir redes virtuais de interação e colaboração, favorecendo o desenvolvimento de projetos de forma segura, legal e ética. EM13CO18: Planejar e gerenciar projetos integrados às áreas de conhecimento de forma colaborativa, solucionando problemas, usando diversos artefatos computacionais.","Desenvolver projetos para investigar desafios do mundo contemporâneo, construir soluções e tomar decisões éticas, democráticas e socialmente responsáveis, articulando conceitos, procedimentos e linguagens próprias da Computação de maneira colaborativa. 
Essa habilidade é desenvolvida preferencialmente de maneira colaborativa. 
Essa habilidade é desenvolvida na BNCC computação.",0.048556236949580577,0.3016759776536313,0.3694082498550415,0.9043674468994141,0.00016894556756597012,0.989075779914856
Como o professor pode se preparar para a BNCC Computação?,"São três as demandas: adquirir conhecimentos práticos sobre o uso dos recursos tecnológicos, aprender como levá-los para a sala de aula de modo didático e saber promover discussões críticas sobre as ferramentas digitais. Além das formações propostas pelas redes de ensino, algumas práticas podem ajudar a desenvolver essas competências. Estar aberto: compreender os recursos tecnológicos, muitas vezes, vai além dos conhecimentos próprios da educação, entrando na Ciência da Computação. Por isso, o primeiro passo é se colocar disponível para novos aprendizados. Conhecer as tecnologias: não é preciso ser um expert em programação para aplicar os conceitos da BNCC Computação, mas também não dá para fugir de conhecimentos básicos. É importante estudar um pouco sobre lógica de programação, buscando cursos livres ou materiais teóricos, e conhecer as ferramentas que pretende levar para a sala de aula. Conhecer os estudantes: a tecnologia faz parte da vida dos alunos. Uma boa prática é conversar com eles e conhecer as plataformas que mais usam, os jogos preferidos e como é a relação da turma com os recursos digitais. Isso ajuda a escolher ferramentas que combinam com os gostos dos estudantes, ganhando a atenção deles. Não usar a tecnologia só pela tecnologia: a intencionalidade pedagógica deve prevalecer, portanto, antes de escolher a ferramenta para potencializar determinado aprendizado, conheça-a a fundo. Estudar: vale a pena se aprofundar em discussões não apenas técnicas, mas também políticas, éticas e sociais sobre o uso da tecnologia na sociedade atual. Isso ajuda a trazer um olhar mais crítico para a sala de aula, permitindo que os estudantes se apropriem de discussões próprias do eixo ""cultura digital"" da BNCC Computação; Consultar a BNCC Computação: o próprio documento dá dicas sobre como levar as temáticas para a sala de aula, com um exemplo de atividade para cada habilidade. Isso ajuda a perceber que as competências propostas não exigem conhecimentos profundos de programação ou computação e podem ser desenvolvidas por meio de práticas simples.","O professor pode se preparar para a BNCC Computação estudando as Diretrizes da SBC e os Objetos de Conhecimento. Ele também deve estar atento às habilidades e competências esperadas para cada ano do Ensino Fundamental e Ensino Médio. Além disso, é importante que o professor esteja atualizado sobre as tecnologias e conceitos atuais da Computação.",0.0001613864444117977,0.09813084112149534,0.16458985209465027,0.8565438389778137,0.00019795147818513215,0.0007856598240323365
O que a BNCC Realmente Diz Sobre Tecnologia?,"A BNCC estabelece que os alunos devem ser capazes de ""compreender, utilizar e criar tecnologias digitais de informação e comunicação de forma crítica, significativa, reflexiva e ética"". Vamos simplificar cada um desses termos: Crítica: Ensinar o aluno a questionar. De onde vem essa informação? Qual o seu propósito? Em vez de apenas consumir conteúdo, ele aprende a analisar. Significativa: A tecnologia deve ter um propósito claro no aprendizado. Ela não é um adereço, mas uma ferramenta para construir conhecimento relevante. Reflexiva: O estudante deve pensar sobre o impacto da tecnologia. Como ela afeta sua vida, suas relações e a sociedade como um todo? Ética: Este é um pilar fundamental. Aborda questões cruciais como privacidade, segurança de dados, respeito online e o combate à desinformação (fake news). Em suma, a BNCC nos convida a ir além do uso instrumental das ferramentas. O objetivo é formar cidadãos digitalmente letrados, que não são apenas usuários, mas produtores e protagonistas conscientes no mundo digital.","A BNCC não menciona explicitamente o que diz sobre tecnologia, mas podemos inferir que ela aborda o ""Mundo Digital"" e o ""Pensamento Computacional"" como objetos de conhecimento.",0.00020718817706798882,0.11822660098522168,0.19328626990318298,0.866928219795227,0.8966803550720215,0.07805348187685013
Quais são os três Pilares da BNCC Computação?,"1. Pensamento Computacional Este é, talvez, o pilar mais revolucionário. Engana-se quem pensa que se trata apenas de programação. O pensamento computacional é a habilidade de resolver problemas de forma lógica e estruturada. Ele ensina os alunos a: Decompor: Quebrar um problema complexo em partes menores e mais gerenciáveis. Reconhecer Padrões: Identificar semelhanças e tendências. Abstrair: Focar nos detalhes importantes e ignorar o que é irrelevante. Criar Algoritmos: Desenvolver um passo a passo para solucionar o problema. O mais interessante é o conceito de ""computação desplugada"", termo oficial reconhecido pela própria BNCC Computação. Essa abordagem permite trabalhar essas habilidades sem a necessidade de um computador, usando atividades lúdicas, jogos de tabuleiro e desafios de lógica. 2. Mundo Digital Este eixo foca em desmistificar a tecnologia. O objetivo é que os alunos compreendam como as ferramentas que usam diariamente funcionam. Isso inclui conhecimentos sobre: O funcionamento da internet e das redes. O conceito de computação em nuvem. Hardware, software e os componentes de dispositivos digitais. Em outras palavras, trata-se de tirar o aluno da posição de mero consumidor de tecnologia e transformá-lo em alguém que entende a infraestrutura por trás do clique. 3. Cultura Digital Este pilar está diretamente alinhado à Competência Geral 5 da BNCC. Ele promove a reflexão sobre o uso responsável e ético da tecnologia. As discussões aqui são vitais e envolvem: Privacidade e proteção de dados online. Cidadania digital e comportamento ético em redes sociais. Propriedade intelectual e direitos autorais. O impacto da inteligência artificial na sociedade. Consequentemente, este eixo forma alunos capazes de navegar no mundo online com segurança, criticidade e responsabilidade.","Infelizmente, não há informações sobre os três Pilares da BNCC Computação no contexto fornecido.",3.252973287763302e-10,0.0721311475409836,0.14412470161914825,0.8412734270095825,0.9969854950904846,0.00023123683058656752
Como aplicar a BNCC Computação sem um laboratório de informática?,"Esta é uma realidade em muitas escolas brasileiras. A resposta está no conceito de computação desplugada. Atividades como jogos de tabuleiro com regras lógicas, caça ao tesouro com instruções sequenciais, criação de fluxogramas no papel e brincadeiras como “Siga o Mestre” são excelentes para desenvolver o pensamento computacional sem um único dispositivo eletrônico.","Utilizar estratégias desplugadas, como o uso de painéis de fantoches, para simular a interação com objetos digitais. 
Compreender a estrutura e funcionamento da internet pode ser feito sem laboratório de informática. 
A técnica de recursão e a programação podem ser aplicadas em atividades não digitais.",0.006234398077902518,0.1592920353982301,0.11897140741348267,0.8827734589576721,0.00011864081170642748,0.9982616305351257
Preciso ser um especialista em tecnologia para ensinar computação?,"A mentalidade mais importante para o professor é a de estar aberto a aprender, não é necessário ser um especialista em tecnologia, mas é preciso ter disposição para aprender O educador atua como um mediador e facilitador, e não como um detentor de todo o conhecimento técnico. Conhecer os conceitos básicos e, principalmente, estar disposto a explorar e aprender junto com os alunos é o passo mais crucial.","Não é necessário ser um especialista em tecnologia para ensinar computação, pois a diretriz da SBC enfatiza a importância de abordar problemas complexos de forma acessível e compreensível para os estudantes.",0.05536159560659146,0.2641509433962264,0.2184254378080368,0.8890231251716614,0.00016423323540948331,0.0006536560831591487
A tecnologia na BNCC é uma matéria nova ou deve ser interdisciplinar?,"Ambas as abordagens são válidas e podem coexistir. Algumas redes, como a de São Paulo, optaram por criar um componente curricular específico para tecnologia. Outras, como em Sobral (CE), trabalham de forma transversal, integrando as competências digitais em matérias como Matemática, Língua Portuguesa e Ciências. A BNCC dá essa flexibilidade para que cada escola se adapte à sua realidade.","A tecnologia na BNCC é uma matéria interdisciplinar, pois abrange diferentes áreas, como linguagens, tecnologias e sociedade. Ela busca contemplar a cultura digital e diferentes letramentos.",0.003195985385099747,0.15053763440860213,0.19162479043006897,0.8856842517852783,0.0002917638048529625,0.9367699027061462
Quais os maiores desafios para os professores e escolas com a BNCC e Tecnologia na Educação?,"Os principais desafios são a formação de professores e a infraestrutura. Muitos docentes ainda se sentem inseguros com as ferramentas digitais, e a falta de equipamentos e conectividade de qualidade é um obstáculo. No entanto, é vital ressaltar que a pedagogia vem antes da tecnologia. Um bom plano de aula, mesmo com recursos simples, é mais eficaz do que um laboratório moderno sem intencionalidade pedagógica.","Os principais desafios incluem garantir a integração e articulação das diferentes áreas do conhecimento, além de contemplar estudos e práticas de Computação no Ensino Médio. Além disso, os professores e escolas precisam garantir a fluência nas principais tecnologias digitais e uma utilização consciente e crítica.",0.02031000925922017,0.1967213114754098,0.1439799964427948,0.8889479637145996,0.0003459300205577165,0.00027216732269153
Quais são as competências específicas de Linguagens no ensino fundamental segundo a BNCC?,"competências específicas da área de Linguagens no Ensino Fundamental, segundo a BNCC, envolvem o desenvolvimento da comunicação, da expressão e da participação social dos estudantes. De forma geral, elas buscam que o aluno seja capaz de: Compreender as linguagens como construções humanas, históricas, sociais e culturais, reconhecendo seu caráter dinâmico e valorizando-as como formas de expressar identidades, subjetividades e modos de interpretar a realidade. Conhecer e vivenciar diferentes práticas de linguagem — artísticas, corporais e linguísticas — em diversos contextos sociais, ampliando suas possibilidades de aprendizagem, participação social e contribuição para uma sociedade mais justa, democrática e inclusiva. Utilizar múltiplas linguagens (verbal oral e escrita, Libras, corporal, visual, sonora e digital) para se expressar, compartilhar informações, sentimentos e ideias, promovendo o diálogo, a cooperação e a resolução de conflitos. Empregar as linguagens de forma crítica para defender pontos de vista com respeito ao outro, fortalecendo os direitos humanos, a consciência socioambiental e o consumo responsável em contextos locais e globais. Desenvolver o senso estético, reconhecendo, apreciando e respeitando a diversidade das manifestações artísticas e culturais, do âmbito local ao mundial, incluindo o patrimônio cultural da humanidade. Compreender e usar as tecnologias digitais de maneira crítica, ética e significativa, tanto na escola quanto em outras práticas sociais, para comunicar-se, produzir conhecimentos, resolver problemas e desenvolver projetos individuais e coletivos.",Não há informações sobre as competências específicas de Linguagens no ensino fundamental segundo a BNCC no contexto fornecido.,1.2142555136027523e-06,0.0966542750929368,0.2689066231250763,0.8552330136299133,0.9992092251777649,0.000306977512082085
"Na BNCC, o código EF02LP23 se refere a que?","Na BNCC, o código EF02LP23 refere-se a uma habilidade dos anos iniciais do Ensino Fundamental, mais especificamente do 1º ao 2º ano. Essa habilidade está relacionada à prática de linguagem escrita e ao objeto de conhecimento da escrita autônoma, no campo de atuação das práticas de estudo e pesquisa. Ela descreve a capacidade de planejar e produzir, com certa autonomia, pequenos registros de observação e de resultados de pesquisa, mantendo coerência com o tema investigado.","O código EF02LP23 se refere à competência específica 2, relacionada à habilidade de perceber o princípio acrofônico que opera nos nomes das letras do alfabeto.",0.0037553785441717838,0.18181818181818182,0.1607130467891693,0.8765971064567566,0.0007159969536587596,0.000298246304737404
"Qual é o código da habilidade de experimentar, fruir e recriar diferentes lutas do contexto comunitário e regional e lutas de matriz indígena e africana da unidade temática lutas de educação física do 1 ao 2 ano na BNCC?",EF35EF13,"A habilidade de experimentar, fruir e recriar diferentes lutas do contexto comunitário e regional e lutas de matriz indígena e africana da unidade temática lutas de educação física do 1 ao 2 ano na BNCC é a EF35EF13.",0.0,0.046511627906976744,0.16925765573978424,0.8114240765571594,0.01877448707818985,0.5911883115768433
Quais são as habilidades de geometria no 9 ano segundo a BNCC?,"No 9º ano do Ensino Fundamental, segundo a BNCC, as habilidades de geometria envolvem o aprofundamento das relações espaciais, métricas e geométricas. Entre elas, estão a compreensão das relações entre ângulos formados por retas paralelas cortadas por uma transversal, a resolução de problemas que envolvem arcos, ângulos centrais e ângulos inscritos na circunferência, inclusive com o apoio de softwares de geometria dinâmica, e o reconhecimento das condições necessárias e suficientes para a semelhança de triângulos. Também fazem parte dessas habilidades a demonstração das relações métricas do triângulo retângulo, como o teorema de Pitágoras, utilizando a semelhança de triângulos, bem como a resolução e a elaboração de problemas que envolvam a aplicação do teorema de Pitágoras e relações de proporcionalidade em retas paralelas cortadas por secantes. Além disso, os estudantes devem ser capazes de descrever algoritmos para a construção de polígonos regulares com régua e compasso ou com o uso de softwares, determinar o ponto médio de um segmento de reta e a distância entre dois pontos no plano cartesiano sem recorrer a fórmulas, aplicando esses conhecimentos no cálculo de perímetros e áreas, e reconhecer vistas ortogonais de figuras espaciais, utilizando esse conhecimento para representar objetos em perspectiva.",Não há informações sobre habilidades de geometria no contexto fornecido.,8.489029661379462e-10,0.04081632653061225,0.16367857158184052,0.8381358981132507,0.9995834231376648,0.0001493600575486198
Quais são as unidades temáticas de ciências da natureza no ensino fundamental com base na BNCC?,"De acordo com a BNCC, as Ciências da Natureza no Ensino Fundamental estão organizadas em três unidades temáticas principais: Matéria e energia, que trata das propriedades, transformações e usos da matéria e das diferentes formas de energia; Vida e evolução, que aborda os seres vivos, seus processos vitais, a diversidade biológica e as relações evolutivas; e Terra e Universo, que envolve o estudo do planeta Terra, dos fenômenos naturais e dos elementos que compõem o Universo.",A BNCC não menciona explicitamente as unidades temáticas de Ciências da Natureza no Ensino Fundamental.,0.005162666541251047,0.18867924528301888,0.1644006073474884,0.8988685011863708,0.9993147850036621,0.00015730784798506647
O código EF07CI identifica o que na BNCC?,"Na BNCC, o código EF07CI identifica o conjunto de habilidades relacionadas ao 7º ano do Ensino Fundamental na área de Ciências da Natureza, indicando os objetivos de aprendizagem previstos para esse ano de escolaridade.",Não há código EF07CI na lista fornecida.,0.0016333326115658998,0.22222222222222227,0.18910303711891174,0.8736017942428589,0.9997538924217224,7.95319938333705e-05
Quais são os componentes curriculares de ciências humanas no ensino fundamental?,Geografia e história,O componente curricular de História é o único componente curricular de Ciências Humanas mencionado no texto.,0.0,0.19047619047619047,0.17033478617668152,0.8727477192878723,0.3339841365814209,0.0003371942730154842
Qual é a habilidade referente ao código EF03HI04 na BNCC?,"Na BNCC, o código EF03HI04 refere-se à habilidade de identificar os patrimônios históricos e culturais da cidade ou da região em que o estudante vive, bem como discutir as razões culturais, sociais e políticas que justificam seu reconhecimento como patrimônio","A habilidade referente ao código EF03HI04 na BNCC é identificar características do sistema de numeração decimal, utilizando a composição e a decomposição de número natural de até quatro ordens.",0.012326283086821247,0.1728395061728395,0.17013271152973175,0.8884608745574951,0.0019605772104114294,0.0005004170234315097
Qual é o objeto do conhecimento da habilidade de código EF05HI02 na BNCC?,"Na BNCC, a habilidade identificada pelo código EF05HI02 tem como objeto de conhecimento as formas de organização social e política, com foco na compreensão da noção de Estado.",Não há informação sobre a habilidade EF05HI02 na BNCC fornecida no contexto.,0.011291498429661536,0.21276595744680848,0.20183008909225464,0.8905727863311768,0.9994194507598877,0.00012807233724743128
Quais são as habilidades de história do oitavo ano ?,"As habilidades de História do oitavo ano do Ensino Fundamental, segundo a BNCC, abrangem o estudo das transformações políticas, sociais, econômicas e culturais do mundo moderno e contemporâneo. Elas incluem a identificação dos principais conceitos do iluminismo e do liberalismo e a análise de sua relação com a organização do mundo atual, o estudo das particularidades político-sociais da Inglaterra do século XVII e dos desdobramentos da Revolução Gloriosa, bem como a análise dos impactos da Revolução Industrial na produção, na circulação de povos, produtos e culturas. Também envolvem a compreensão dos processos da Revolução Francesa e suas consequências na Europa e no mundo, a explicação dos movimentos e rebeliões da América portuguesa em diálogo com processos europeus e americanos, e a aplicação de conceitos como Estado, nação, território, governo e país para entender conflitos e tensões históricas. Além disso, os estudantes devem identificar e contextualizar os diferentes processos de independência nas Américas, conhecer o ideário de líderes independentistas, analisar o pan-americanismo e compreender a singularidade da Revolução de São Domingos. As habilidades também incluem a análise do protagonismo de diferentes grupos sociais e étnicos nas lutas de independência, o estudo da organização política e social do Brasil entre 1808 e 1822 e seus desdobramentos, a comparação dos processos de independência na América Latina e das formas de governo adotadas, e a discussão sobre a tutela dos povos indígenas e a participação da população negra no final do período colonial. O currículo contempla ainda a análise das disputas políticas durante o Primeiro e o Segundo Reinado, das rebeliões e movimentos contestatórios ao poder centralizado, das transformações territoriais e dos conflitos do Império, bem como o estudo da Guerra do Paraguai a partir de diferentes perspectivas. Também são trabalhadas reflexões sobre o legado da escravidão nas Américas, suas permanências na sociedade atual e a importância das ações afirmativas, além da análise das políticas oficiais voltadas aos povos indígenas no período imperial. Por fim, as habilidades incluem o estudo das culturas letradas e não letradas no Brasil do século XIX, das ideologias raciais e do imperialismo europeu na África e na Ásia, das relações entre Estados Unidos e América Latina no século XIX e das resistências locais ao imperialismo, discutindo criticamente os discursos civilizatórios e seus impactos sobre populações indígenas e negras. fontes: EF08HI01: Identificar os principais aspectos conceituais do iluminismo e do liberalismo e discutir a relação entre eles e a organização do mundo contemporâneo. EF08HI02: Identificar as particularidades político-sociais da Inglaterra do século XVII e analisar os desdobramentos posteriores à Revolução Gloriosa. EF08HI03: Analisar os impactos da Revolução Industrial na produção e circulação de povos, produtos e culturas. EF08HI04: Identificar e relacionar os processos da Revolução Francesa e seus desdobramentos na Europa e no mundo EF08HI05: Explicar os movimentos e as rebeliões da América portuguesa, articulando as temáticas locais e suas interfaces com processos ocorridos na Europa e nas Américas. EF08HI06: Aplicar os conceitos de Estado, nação, território, governo e país para o entendimento de conflitos e tensões. EF08HI07: Identificar e contextualizar as especificidades dos diversos processos de independência nas Américas, seus aspectos populacionais e suas conformações territoriais. EF08HI08: Conhecer o ideário dos líderes dos movimentos independentistas e seu papel nas revoluções que levaram à independência das colônias hispano-americanas EF08HI09: Conhecer as características e os principais pensadores do Pan-americanismo. EF08HI10: Identificar a Revolução de São Domingo como evento singular e desdobramento da Revolução Francesa e avaliar suas implicações. EF08HI11: Identificar e explicar os protagonismos e a atuação de diferentes grupos sociais e étnicos nas lutas de independência no Brasil, na América espanhola e no Haiti. EF08HI12: Caracterizar a organização política e social no Brasil desde a chegada da Corte portuguesa, em 1808, até 1822 e seus desdobramentos para a história política brasileira. EF08HI13: Analisar o processo de independência em diferentes países latino-americanos e comparar as formas de governo neles adotadas EF08HI14: Discutir a noção da tutela dos grupos indígenas e a participação dos negros na sociedade brasileira do final do período colonial, identificando permanências de preconceitos, estereótipos e violências sobre as populações indígenas e negras no Brasil e nas Américas. EF08HI15: Identificar e analisar o equilíbrio das forças e os sujeitos envolvidos nas disputas políticas durante o Primeiro e o Segundo Reinado. EF08HI16: Identificar, comparar e analisar a diversidade política, social e regional nas rebeliões e nos movimentos contestatórios ao poder centralizado. EF08HI17: Relacionar as transformações territoriais, em razão de questões de fronteiras, com as tensões e conflitos durante o Império. EF08HI18: Identificar as questões internas e externas sobre a atuação do Brasil na Guerra do Paraguai e discutir diferentes versões sobre o conflito. EF08HI19: Formular questionamentos sobre o legado da escravidão nas Américas, com base na seleção e consulta de fontes de diferentes naturezas EF08HI20: Identificar e relacionar aspectos das estruturas sociais da atualidade com os legados da escravidão no Brasil e discutir a importância de ações afirmativas. EF08HI21: Identificar e analisar as políticas oficiais com relação ao indígena durante o Império. EF08HI22: Discutir o papel das culturas letradas, não letradas e das artes na produção das identidades no Brasil do século XIX. EF08HI23: Estabelecer relações causais entre as ideologias raciais e o determinismo no contexto do imperialismo europeu e seus impactos na África e na Ásia. EF08HI24: Reconhecer os principais produtos, utilizados pelos europeus, procedentes do continente africano durante o imperialismo e analisar os impactos sobre as comunidades locais na forma de organização e exploração econômica. EF08HI25: Caracterizar e contextualizar aspectos das relações entre os Estados Unidos da América e a América Latina no século XIX. EF08HI26: Identificar e contextualizar o protagonismo das populações locais na resistência ao imperialismo na África e na Ásia EF08HI27: Identificar as tensões e os significados dos discursos civilizatórios, avaliando seus impactos negativos para os povos indígenas originários e as populações negras nas Américas.","Infelizmente, não há informações sobre as habilidades de história do oitavo ano no contexto fornecido.",5.19394863862201e-29,0.01906412478336222,0.14980140328407288,0.8426048755645752,0.3740403950214386,0.0020318429451435804
Quais são os componentes curriculares obrigatórios do ensino médio presentes na BNCC?,Língua Portuguesa e Matemática.,"Os componentes curriculares obrigatórios do ensino médio presentes na BNCC são: Língua Portuguesa, Matemática e Ciências.",0.014628063653657535,0.35714285714285715,0.16767354309558868,0.9114031195640564,0.00029812988941557705,0.0068235136568546295
Quais são os componentes curriculares de Linguagens e suas tecnologias do ensino médio na BNCC?,"Língua Portuguesa, Arte, Educação Física  e Lingua Inglesa.","Os componentes curriculares de Linguagens e suas tecnologias do ensino médio na BNCC são: Língua Portuguesa, Língua Inglesa e Arte.",0.02253741272267485,0.2285714285714286,0.1725083589553833,0.9157093167304993,0.000990206259302795,0.845387876033783
O código EM13LP01 se refere a qual habilidade na BNCC?,"Na BNCC, o código EM13LP01 refere-se à habilidade de relacionar o texto, tanto nos processos de produção quanto de leitura ou escuta, às suas condições de produção e ao contexto sócio-histórico de circulação. Isso envolve considerar o público leitor ou ouvinte, os objetivos comunicativos, os pontos de vista e perspectivas, o papel social do autor, a época e o gênero do discurso, de modo a ampliar a construção de sentidos, fortalecer a análise crítica e produzir textos adequados a diferentes situações de comunicação.","A habilidade EM13LP01 está relacionada à competência específica 3, o que se identifica no primeiro algarismo após a sigla LP.",0.0006170759596913822,0.06666666666666667,0.14159193634986877,0.8517506718635559,0.0033809493761509657,0.0009931313106790185
O código EM13LP29 da BNCC está ligado a quais competências específicas?,Está ligado às competências 2 e 3 de língua portuguesa do ensino médio.,O código EM13LP29 está ligado às competências específicas 3 e 1.,0.08838042212680002,0.39999999999999997,0.17163559794425964,0.8807105422019958,0.3563520908355713,0.21137039363384247
Quais são as habilidades da competência específica 2 de matemática e suas tecnologias no ensino médio na BNCC?,"Na BNCC, os códigos EM13MAT201, EM13MAT202 e EM13MAT203 correspondem a habilidades da área de Matemática no Ensino Médio voltadas à aplicação prática do conhecimento matemático. Essas habilidades envolvem a proposição ou participação em ações que atendam às demandas da região ou da comunidade, utilizando medições e cálculos de perímetro, área, volume, capacidade ou massa. Também contemplam o planejamento e a execução de pesquisas amostrais sobre temas relevantes, com coleta de dados em diferentes fontes, análise dos resultados por meio de gráficos e interpretação de medidas de tendência central e de dispersão, com ou sem o uso de recursos tecnológicos. Além disso, incluem a aplicação de conceitos matemáticos no uso de aplicativos e na criação de planilhas, como em controles de orçamento familiar e simuladores de juros simples e compostos, com o objetivo de apoiar a tomada de decisões. Fonte : EM13MAT201: Propor ou participar de ações adequadas às demandas da região, preferencialmente para sua comunidade, envolvendo medições e cálculos de perímetro, de área, de volume, de capacidade ou de massa. EM13MAT202: Planejar e executar pesquisa amostral sobre questões relevantes, usando dados coletados diretamente ou em diferentes fontes, e comunicar os resultados por meio de relatório contendo gráficos e interpretação das medidas de tendência central e das medidas de dispersão (amplitude e desvio padrão), utilizando ou não recursos tecnológicos."", EM13MAT203: Aplicar conceitos matemáticos no planejamento, na execução e na análise de ações envolvendo a utilização de aplicativos e a criação de planilhas (para o controle de orçamento familiar, simuladores de cálculos de juros simples e compostos, entre outros), para tomar decisões.","Infelizmente, não há informações sobre as habilidades da competência específica 2 de Matemática e suas Tecnologias no Ensino Médio na BNCC no contexto fornecido.",3.5326665054613136e-06,0.0650887573964497,0.29217296838760376,0.8322005271911621,0.033215705305337906,0.0028521374333649874
Qual é a habilidade descrita pelo código EM13CHS605 da BNCC?,"Analisar os princípios da Declaração dos Direitos Humanos, recorrendo às noções de justiça, igualdade e fraternidade, identificar os progressos e entraves à concretização desses direitos nas diversas sociedades contemporâneas e promover ações concretas diante da desigualdade e das violações desses direitos em diferentes espaços de vivência, respeitando a identidade de cada grupo e de cada indivíduo.",Não há informações sobre a habilidade EM13CHS605 na lista fornecida.,0.00021214741736612505,0.07692307692307693,0.1347886621952057,0.8293739557266235,0.9990253448486328,0.00011614320828812197
O que é a Base Nacional Comum Curricular (BNCC)?,"É um documento normativo que define o conjunto de aprendizagens essenciais que todos os alunos devem desenvolver ao longo das etapas e modalidades da Educação Básica. A BNCC deverá nortear a formulação dos currículos dos sistemas e das redes escolares de todo o Brasil, indicando as competências e habilidades que se espera que todos os estudantes desenvolvam ao longo da escolaridade. O documento contém: Textos Introdutórios geral e por áreas; Competências gerais que os alunos devem desenvolver ao longo de todas as etapas da Educação Básica; Competências específicas de cada área do conhecimento e competências de cada um dos componentes curriculares; Habilidades relativas a diversos objetos de conhecimento que os alunos devem desenvolver a cada etapa da Educação Básica; e O sequenciamento das habilidades de cada componente curricular para cada ano ou bloco de anos. O arranjo curricular de cada componente  BNCC contempla:","A Base Nacional Comum Curricular (BNCC) é a base comum para o Ensino Fundamental e Ensino Médio, estabelecendo as diretrizes curriculares nacionais. Ela é composta por cinco áreas do conhecimento para o Ensino Fundamental e quatro áreas do conhecimento para o Ensino Médio. A BNCC é a base para o currículo do ensino médio e para os itinerários formativos.",0.003150534249178061,0.1559633027522936,0.230270117521286,0.8664103150367737,0.0013903257204219699,0.09800460934638977
Qual é o objetivo da BNCC?,O principal objetivo da BNCC é ser a balizadora da qualidade da educação no País por meio do estabelecimento de um patamar de aprendizagem e desenvolvimento a que todos os alunos têm direito.,O objetivo da BNCC é definir claramente às aprendizagens essenciais a ser garantidas aos estudantes nessa etapa.,0.06424917053374532,0.23529411764705876,0.28787297010421753,0.8999993801116943,0.00025442062178626657,0.759655773639679
Qual a diferença entre BNCC e currículo?,"A BNCC é uma referência obrigatória, mas não é o currículo. A Base estabelece as aprendizagens essenciais a serem desenvolvidas pelos alunos em cada etapa da Educação Básica. Já o currículo define o conjunto de decisões que possibilitam materializar tais aprendizagens, como a contextualização dos conteúdos, as estratégias educacionais, a forma de organização dos componentes curriculares e as metodologias a serem empregadas. As redes e os sistemas de ensino têm autonomia para elaborar ou adequar seus currículos de acordo com a  BNCC, e as escolas podem contextualizá-los em seus projetos pedagógicos, levando em conta os condicionantes sociais e a cultura local","A BNCC (Base Nacional Comum Curricular) é um documento que estabelece os conhecimentos, habilidades e atitudes mínimos que os estudantes devem adquirir ao longo da educação básica. Já o currículo é o conjunto de conteúdos e atividades que são oferecidos em uma instituição de ensino para atender às necessidades dos estudantes.",0.018058874905632436,0.2573099415204679,0.27213332056999207,0.8914888501167297,0.22723953425884247,0.2867720425128937
Como a Base Nacional Comum Curricular afeta os pais e as famílias?,A definição de objetivos de aprendizagem comuns para todo o país permite que as famílias acompanhem melhor a educação dos filhos e compreendam com mais clareza a qualidade do ensino. Isso favorece maior participação no processo de aprendizagem.,"A Base Nacional Comum Curricular (BNCC) não afeta diretamente os pais e as famílias, mas sim os currículos e as propostas pedagógicas dos estabelecimentos de ensino.",0.007167721077335568,0.19178082191780824,0.26505547761917114,0.8831992149353027,0.9968528151512146,0.00017175696848426014
Outros países também construíram bases curriculares nacionais?,"Sim. A construção da BNCC segue uma tendência internacional observada em países que reformaram seus sistemas educacionais. Entre eles: Austrália, Estados Unidos, Inglaterra, África do Sul, Cuba, Chile, Portugal e Coreia do Sul.","Sim, outros países também construíram bases curriculares nacionais, como a BNCC no Brasil.",0.003967188362084227,0.11320754716981132,0.19692614674568176,0.8960126638412476,0.0004395807336550206,0.0006470418302342296
A BNCC substitui os Parâmetros Curriculares Nacionais (PCN)?,"Não. Os PCN continuam como documentos de referência, mas a BNCC, por ser normativa, estabelece direitos de aprendizagem que devem ser contemplados em todos os currículos. Ela atualiza e aprofunda conceitos presentes nos PCN.","Não, a BNCC não substitui os Parâmetros Curriculares Nacionais (PCN), mas sim é uma atualização das diretrizes curriculares.",0.0058446378624252065,0.20689655172413793,0.2189498096704483,0.9002442359924316,0.02284844219684601,0.9628663063049316
A BNCC é obrigatória?,"Sim. A Base Nacional Comum Curricular é um documento normativo, aprovado pelo Conselho Nacional de Educação e homologado pelo MEC. As redes de ensino devem elaborar currículos alinhados à BNCC.",A BNCC (Bases Nacional Curriculares Comuns) é obrigatória para as escolas brasileiras.,0.005001893962320625,0.23809523809523808,0.19094356894493103,0.9078157544136047,0.0005448497831821442,0.09578151255846024
Quando a BNCC começou a ser implementada?,"A implementação começou após a homologação. Para a Educação Infantil e Ensino Fundamental, a implementação iniciou em 2018. Para o Ensino Médio, após a homologação em dezembro de 2018.",A BNCC (Base Nacional Comum Curricular) foi implementada em 2020.,0.0037539661238538305,0.08333333333333333,0.21026688814163208,0.8619527220726013,0.9993013143539429,0.00014743988867849112
A BNCC define metodologias de ensino?,"Não. A BNCC define aprendizagens essenciais, mas não determina metodologias. As escolas e redes têm autonomia para escolher métodos e abordagens pedagógicas.","Não, a BNCC não define metodologias de ensino, mas sim estabelece diretrizes e critérios para a organização das habilidades e os campos de experiências.",0.01287150253861497,0.35714285714285715,0.2960139513015747,0.9208702445030212,0.04682677611708641,0.0011286137159913778
A BNCC interfere nos materiais didáticos?,"Sim. Os materiais didáticos, como os livros, passam a ser alinhados às competências e habilidades previstas na BNCC. O Programa Nacional do Livro e do Material Didático (PNLD) utiliza a Base como referência.","A BNCC não interfere nos materiais didáticos, mas sim define as aprendizagens essenciais que os currículos devem garantir. Os materiais didáticos devem ser elaborados de acordo com as diretrizes da BNCC.",0.01871830710102493,0.19444444444444445,0.1613878607749939,0.9044174551963806,0.017907163128256798,0.971191942691803
A BNCC muda a formação de professores?,"Sim. As diretrizes para formação inicial e continuada de professores devem se alinhar às competências e habilidades previstas na BNCC, para garantir coerência entre formação docente e prática escolar.","Sim, a BNCC influenciará a formação inicial e continuada dos educadores. A União revisará a formação inicial e continuada dos professores para alinhá-las à BNCC. A formação dos professores será crucial para a implementação da BNCC.",0.07861539293399739,0.2666666666666666,0.2724164128303528,0.9113736152648926,0.00011003962572431192,0.005885089747607708
A BNCC trata de educação integral?,"Sim. A BNCC orienta aprendizagens que promovem o desenvolvimento integral dos estudantes, articulando competências cognitivas, emocionais, sociais, culturais e éticas.","Sim, a BNCC prioriza a educação integral, considerando direitos de aprendizagem e desenvolvimento. Ela estabelece cinco campos de experiências para que as crianças possam aprender e se desenvolver. A BNCC também visa garantir aprendizagens essenciais em diferentes áreas do conhecimento.",0.012287542170364497,0.21538461538461537,0.2611244320869446,0.9136983156204224,0.0001499603531556204,0.00417423527687788
A BNCC aumenta ou reduz a liberdade pedagógica?,"A BNCC não reduz a liberdade pedagógica. Ela define o que os alunos devem aprender, mas não como ensinar. As escolas continuam livres para elaborar metodologias, projetos e abordagens.","A BNCC define claramente as aprendizagens essenciais, mas não limita a liberdade pedagógica, pois permite uma organização diversificada e flexível do currículo. Isso permite aos educadores adaptarem as habilidades às necessidades e interesses dos estudantes. A BNCC não é um modelo rígido, mas sim um guia para as aprendizagens essenciais.",0.02916679457816502,0.2727272727272727,0.33721932768821716,0.9107646346092224,0.00010564774129306898,0.9959694147109985
A BNCC é igual para escolas públicas e privadas?,"Sim. A BNCC é normativa para todas as escolas de Educação Básica, públicas e privadas.","A BNCC é um currículo nacional, aplicado em escolas públicas e privadas, com diretrizes e habilidades comuns para todos os estudantes.",0.06183522915385178,0.358974358974359,0.20426759123802185,0.9236035346984863,0.0003786044253502041,0.0012006514007225633
A BNCC altera a carga horária escolar?,"Não diretamente. A Base define aprendizagens, e não carga horária. Entretanto, o Novo Ensino Médio (Lei 13.415/2017) modifica a carga horária dessa etapa.","Não, a BNCC não altera a carga horária escolar.",0.02691893389480061,0.4285714285714285,0.15342329442501068,0.895195722579956,0.9970723390579224,0.002329053357243538
A BNCC é obrigatória em todas as escolas?,"Sim, a BNCC é obrigatória para escolas públicas e privadas em todo o Brasil, garantindo alinhamento nacional.","A BNCC (Base Nacional Comum Curricular) é um documento que estabelece diretrizes para a educação básica no Brasil, mas não é obrigatória em todas as escolas.",0.02101654884156187,0.21739130434782608,0.21529805660247803,0.9007924795150757,0.9977401494979858,0.00018924265168607235
Como  as diversidades regionais do Brasil podem ser contempladas no planejamentos após a BNCC?,"Como a construção do currículo escolar é uma tarefa coletiva, de cada ente federativo e  de cada escola, as diversidades podem ser contempladas durante o processo de planejamento.","As diversidades regionais do Brasil podem ser contempladas no planejamento após a BNCC ao priorizar a contextualização das aprendizagens essenciais, valorizando as diferenças e a pluralidade cultural de cada região. Isso pode ser feito ao incluir estudos e práticas que respeitem as manifestações e experiências específicas de cada comunidade.",0.031170018324129443,0.16279069767441862,0.18927232921123505,0.8908382058143616,0.00014623966126237065,0.0006874956307001412
Como saber se a minha escola segue a BNCC adequadamente?,"Converse com a equipe pedagógica e verifique se os planos de ensino, planos de aula e o Projeto Político Pedagógico (PPP) estão alicerçados nas orientações da BNCC.","A implementação eficaz da BNCC depende da colaboração da equipe escolar para o sucesso dos alunos. Para saber se a sua escola segue a BNCC adequadamente, é necessário avaliar os programas e projetos implementados.",0.008905296375949619,0.17391304347826086,0.24357640743255615,0.8937676548957825,9.715964552015066e-05,0.9987473487854004
